2018-04-15 14:42:27,b'#BalatkariJantaParty If we are given power to remove something from India... Simple just kick this out of India.. i\xe2\x80\xa6 https://t.co/wj1DckNUO0'
2018-04-15 14:42:18,"b'An 8 year girl Asifa is brutally tortured, gangraped &amp; killed. BJP Ministers &amp; leaders create ruckus in defence of\xe2\x80\xa6 https://t.co/0swtnzmJwb'"
2018-04-15 14:42:16,"b""RT @AtishiMarlena: Delhi's Aam Aurat and Aadmi on the streets to register their protest against the #BalatkariJantaParty \n\nThousands of pro\xe2\x80\xa6"""
2018-04-15 14:42:11,b'BJP has highest number of MPs and MLAs with cases of crime against women.\n\n#BalatkariJantaParty https://t.co/4mSTJk5b5T'
2018-04-15 14:42:06,b'RT @DaaruBaazMehta: MUST WATCH N SHARE\n\nDelhi CM @ArvindKejriwal Speaks to Media about the recent Rape cases and how the BJP Govt and its L\xe2\x80\xa6'
2018-04-15 14:42:04,"b""RT @AkshayMarathe: .@AtishiMarlena reaches Patel Chowk at @AamAadmiParty's protest against the Prime Minister. \n\n#BalatkariJantaParty \n\nThe\xe2\x80\xa6"""
2018-04-15 14:42:03,b'#SpeakUpIndia #JusticeforAsifa #JusticeForOurChild #BalatkariJantaParty #HangChildRapists #GoBackModi\xe2\x80\xa6 https://t.co/uVOHJN4G2v'
2018-04-15 14:42:01,b'#BalatkariJantaParty \n@BJP4India and @RSSorg spokespersons are defending rapists like it is compulsory to rape in hindurashtra.'
2018-04-15 14:41:53,b'RT @vikrameffects: #BalatkariJantaParty #justiceForAsifa BJP has insulted millions of Hindus by trying to defend rapists. All Indians have\xe2\x80\xa6'
2018-04-15 14:41:52,"b""RT @AamAadmiParty: Watch AAP Convenor &amp; Delhi CM @ArvindKejriwal's address at Samta Sthal, Rajghat.\n\nAK reached there in solidarity with DC\xe2\x80\xa6"""
2018-04-15 14:41:50,"b'RT @narendramodi177: AAP IT Cell Trending 2rs/ Per Tweet #BalatkariJantaParty ,Justice Must Be Delivered In Unnao And Kathua Case.\n\nAAP Is\xe2\x80\xa6'"
2018-04-15 14:41:47,b'RT @SwamiGeetika: Dont You think sudden Anti BJP posters across india after Kathua controversy is a result of well thought and carefully ex\xe2\x80\xa6'
2018-04-15 14:41:45,b'RT @amarakhbaranth1: Nation is running on shoulders of these jokers \xf0\x9f\x99\x84\n\n#speakupindia or nation wud become what japan was after nuclear atta\xe2\x80\xa6'
2018-04-15 14:41:41,"b'RT @ChoradiyaMehul: Proud BJP Members, they all are Member of Parliament too. Such a shame for us.\n\nThey are disgrace a real disgrace for n\xe2\x80\xa6'"
2018-04-15 14:41:35,b'RT @AAPVed: Any answer to this question???\n#BalatkariJantaParty https://t.co/5ZSXELm1bB'
2018-04-15 14:41:31,"b""RT @AtishiMarlena: Delhi's Aam Aurat and Aadmi on the streets to register their protest against the #BalatkariJantaParty \n\nThousands of pro\xe2\x80\xa6"""
2018-04-15 14:41:30,"b'RT @SourabhJainIET: BJP Defending RAPIST That\'s is ""ACHE DIN "" \xf0\x9f\x98\xa1 \n\n#BalatkariJantaParty https://t.co/6z81lrXgTu'"
2018-04-15 14:41:27,b'@ManojKarwasra5 @narendramodi @googly69 @aapanup @rjdevenderkumar @ChoradiyaMehul @jmmulani @KNSkinjal_\xe2\x80\xa6 https://t.co/KajLr6laLo'
2018-04-15 14:41:27,"b'RT @SourabhJainIET: BJP Gives Ticket to Rape-Tainted Sakshi Maharaj.\n\nWhere is Your Slogan ""Beti Bachao, Beti Padao"" ?\n\n#BalatkariJantaPart\xe2\x80\xa6'"
2018-04-15 14:41:27,"b""RT @i_me_my5elf: Narendra Modi politicised Rape to Grab power but failed to provide protection to our daughters. Now it's time to ask him a\xe2\x80\xa6"""
2018-04-15 14:41:26,b'RT @ChoradiyaMehul: The Actual Full Form of BJP must be : #BalatkariJantaParty\n\nThe Accused in Unnao Rape Case is BJP MLA.\n\nThe MLAs who ca\xe2\x80\xa6'
2018-04-15 14:41:23,b'RT @Ankita_Shah8: BJP MLAs/MPs are involved in rape cases...Our PM @narendramodi\nis sitting relaxed like always...I am ashamed as an Indian\xe2\x80\xa6'
2018-04-15 14:41:23,"b""RT @Ankita_Shah8: Dear Rape victims...\n\nDon't scream...Don't make noise...Our PM is sleeping \n#BalatkariJantaParty https://t.co/p0Jz1pIaq3"""
2018-04-15 14:41:18,"b'RT @Maheshrp100: #BalatkariJantaParty support by bengalurians , we only need is justice for all ,and remove this balatkari party https://t.\xe2\x80\xa6'"
2018-04-15 14:41:17,b'RT @amarakhbaranth1: UP police/J&amp;K lawyers on #Kathua &amp; #Unnao protests all over india \n\nWhat a shame ... law &amp; order became bit*ch to thos\xe2\x80\xa6'
2018-04-15 14:41:16,b'RT @Mayavi101: When Nirbhaya happened India stood united against the rapists.\nWhen #Unnao  &amp; #Kathua happened #balatkarijantaparty defends\xe2\x80\xa6'
2018-04-15 14:41:14,"b'RT @aartic02: ""Women not capable of being left Free or Independent"" ;;;\nWomen of India, Especially BJP Voters &amp; Supporters .. \nDo you agree\xe2\x80\xa6'"
2018-04-15 14:41:08,b'RT @AAPlogical: #SpeakUpIndia like all these people and save our India from the clutches of #BalatkariJantaParty! https://t.co/iyIEnwerwd'
2018-04-15 14:41:08,"b'RT @AAPVed: Narendra Modi was the first PM to have rape accused - ""Nihal Chand"" as his cabinet minister\n#BalatkariJantaParty https://t.co/z\xe2\x80\xa6'"
2018-04-15 14:41:03,"b'#BalatkariJantaParty support by bengalurians , we only need is justice for all ,and remove this balatkari party https://t.co/3lgKyej5za'"
2018-04-15 14:41:01,"b""RT @AAPRaigad: Can we really expect #BalatkariJantaParty to act to save women and children when it's their own leaders are so often the cul\xe2\x80\xa6"""
2018-04-15 14:41:01,b'Best example of #BalatkariJantaParty  \nShri Yogi Adityanath. https://t.co/QpuvulQ0ZY'
2018-04-15 14:41:00,"b""RT @AAPlogical: #SpeakUpIndia before it's too late. We must save our India from the devils of #BalatkariJantaParty! https://t.co/f3W9Mnmz9D"""
2018-04-15 14:40:57,b'RT @AAPVed: Any answer to this question???\n#BalatkariJantaParty https://t.co/5ZSXELm1bB'
2018-04-15 14:40:55,b'RT @Sakshi_Singh2: The Actual Full Form of BJP must be : #BalatkariJantaParty\n\nThe Accused in Unnao Rape Case is BJP MLA.\n\nThe MLAs who cam\xe2\x80\xa6'
2018-04-15 14:40:55,"b""RT @AtishiMarlena: Delhi's Aam Aurat and Aadmi on the streets to register their protest against the #BalatkariJantaParty \n\nThousands of pro\xe2\x80\xa6"""
2018-04-15 14:40:55,"b'RT @i_theindian: UN has taken note of the #KathuaRapeCase. Terming the rape and murder as ""horrific"", the UN has expressed hope that Modi w\xe2\x80\xa6'"
2018-04-15 14:40:51,b'RT @AAPVed: Pakistan - Child Rapist Sentence To Death \nIndia - \xe2\x80\x9cHindu Ekta Munch\xe2\x80\x9d takes out rally holding India flag to PROTECT the child r\xe2\x80\xa6'
2018-04-15 14:40:50,"b'RT @AAPlogical: Members of #BalatkariJantaParty protected, supported and defended these filthy scum Sanghis! https://t.co/nCoobsMTOz'"
2018-04-15 14:40:50,b'RT @Ankita_Shah8: BJP MLAs/MPs are involved in rape cases...Our PM @narendramodi\nis sitting relaxed like always...I am ashamed as an Indian\xe2\x80\xa6'
2018-04-15 14:40:49,b'RT @AAPlogical: The finance minister of India calls rapes as small incidents. No wonder he belongs to #BalatkariJantaParty https://t.co/Trk\xe2\x80\xa6'
2018-04-15 14:40:48,b'RT @Mayavi101: When Nirbhaya happened India stood united against the rapists.\nWhen #Unnao  &amp; #Kathua happened #balatkarijantaparty defends\xe2\x80\xa6'
2018-04-15 14:40:43,b'RT @DaaruBaazMehta: MUST WATCH N SHARE\n\nDelhi CM @ArvindKejriwal Speaks to Media about the recent Rape cases and how the BJP Govt and its L\xe2\x80\xa6'
2018-04-15 14:40:43,b'RT @VickyKedia: #BalatkariJantaParty\n\nKeep your Sister &amp; Daughter away from these rapist. https://t.co/pcIZneRuY8'
2018-04-15 14:40:41,b'RT @Mayavi101: When Nirbhaya happened India stood united against the rapists.\nWhen #Unnao  &amp; #Kathua happened #balatkarijantaparty defends\xe2\x80\xa6'
2018-04-15 14:40:39,b'RT @AAPlogical: The finance minister of India calls rapes as small incidents. No wonder he belongs to #BalatkariJantaParty https://t.co/Trk\xe2\x80\xa6'
2018-04-15 14:40:38,b'RT @Mayavi101: When Nirbhaya happened India stood united against the rapists.\nWhen #Unnao  &amp; #Kathua happened #balatkarijantaparty defends\xe2\x80\xa6'
2018-04-15 14:40:36,b'RT @AAPVed: Any answer to this question???\n#BalatkariJantaParty https://t.co/5ZSXELm1bB'
2018-04-15 14:40:36,b'RT @AAPVed: Pakistan - Child Rapist Sentence To Death \nIndia - \xe2\x80\x9cHindu Ekta Munch\xe2\x80\x9d takes out rally holding India flag to PROTECT the child r\xe2\x80\xa6'
2018-04-15 14:40:32,"b'#BalatkariJantaParty India has turned out to be full of rapes, murders, crimes and all kind of illegal activities..\xe2\x80\xa6 https://t.co/F9e6SwO07X'"
2018-04-15 14:40:31,"b'RT @VickyKedia: Dear India,\n\nSave Your Daughter from BJP,\nSave Your Sister from BJP.\n\nBJP Leaders are hunting our sisters. and then they pu\xe2\x80\xa6'"
2018-04-15 14:40:31,b'RT @AAPlogical: #BalatkariJantaParty stands with the rapists! https://t.co/MePPdMrEaW'
2018-04-15 14:40:22,"b'First time in the history of Independent India \n#Tiranga was insulted to defend the rapist, \nLawyers tried to defen\xe2\x80\xa6 https://t.co/cDATaJ5TCU'"
2018-04-15 14:40:16,b'RT @yogendrasirohi3: Retweeted Ved Prakash (@AAPVed):\n\nPakistan - Child Rapist Sentence To Death \nIndia - \xe2\x80\x9cHindu Ekta Munch\xe2\x80\x9d takes out rall\xe2\x80\xa6'
2018-04-15 14:40:09,b'RT @O2_ki_dukaan: Who is the president of #BalatkariJantaParty?\n\xf0\x9f\x98\x9c\xf0\x9f\x98\x9d'
2018-04-15 14:40:04,b'RT @amarakhbaranth1: Nation is running on shoulders of these jokers \xf0\x9f\x99\x84\n\n#speakupindia or nation wud become what japan was after nuclear atta\xe2\x80\xa6'
2018-04-15 14:40:04,"b""RT @AtishiMarlena: Delhi's Aam Aurat and Aadmi on the streets to register their protest against the #BalatkariJantaParty \n\nThousands of pro\xe2\x80\xa6"""
2018-04-15 14:39:55,b'RT @SwamiGeetika: Dont You think sudden Anti BJP posters across india after Kathua controversy is a result of well thought and carefully ex\xe2\x80\xa6'
2018-04-15 14:39:55,"b""RT @Harmony222S: #SpeakUpIndia against\n#BalatkariJantaParty \n\nBefore it's too late to get\n\n#Justice4RapeVictims https://t.co/28zosBN2tE"""
2018-04-15 14:39:54,"b'RT @rkhuria: #BalatkariJantaParty It is clear: a) Two BJP Ministers were deputed by party to save rapists , b) BJP Ministers resigned not o\xe2\x80\xa6'"
2018-04-15 14:39:52,b'RT @GuruJiPolitical: Thread having list of rapes by #BalatkariJantaParty .. https://t.co/iuo6czTCNp'
2018-04-15 14:39:52,b'RT @MeenaDee2: @INCIndia #BalatkariJantaParty se\n#BJPSeBetiBachao \nshame!!!! https://t.co/YePaMZM24J'
2018-04-15 14:39:48,b'RT @VikramMann: It\xe2\x80\x99s an interesting irony the the only \xe2\x80\x98Sanskari Party\xe2\x80\x99 in New India happens to be the \xe2\x80\x98Baltkari Party\xe2\x80\x99\n\nThey are doing bal\xe2\x80\xa6'
2018-04-15 14:39:48,"b""RT @AAPlogical: #SpeakUpIndia before it's too late. We must save our India from the devils of #BalatkariJantaParty! https://t.co/f3W9Mnmz9D"""
2018-04-15 14:39:47,b'RT @Ankita_Shah8: BJP MLAs/MPs are involved in rape cases...Our PM @narendramodi\nis sitting relaxed like always...I am ashamed as an Indian\xe2\x80\xa6'
2018-04-15 14:39:43,b'RT @ClickMuni: Aam Aadmi Party marching to PM House demanding stringent action in Rape cases.\nBJP The #BalatkariJantaParty is instead prote\xe2\x80\xa6'
2018-04-15 14:39:42,b'RT @hallagullaboy: #BalatkariJantaParty now even wants to know that what are you watching on tv with your family or alone\n\nOnce a #Stalker\xe2\x80\xa6'
2018-04-15 14:39:42,"b'RT @deeppant2: According to ADR, @BJP4India has highest no. of MPs, MLAs with cases of crime against women. https://t.co/egBEP6KpLy\n#Balatk\xe2\x80\xa6'"
2018-04-15 14:39:37,b'RT @AAP_Germany: Picture says all. #BalatkariJantaParty https://t.co/ahXCos2I7r'
2018-04-15 14:39:37,"b""RT @AtishiMarlena: Delhi's Aam Aurat and Aadmi on the streets to register their protest against the #BalatkariJantaParty \n\nThousands of pro\xe2\x80\xa6"""
2018-04-15 14:39:37,"b'""Women not capable of being left Free or Independent"" ;;;\nWomen of India, Especially BJP Voters &amp; Supporters .. \nDo\xe2\x80\xa6 https://t.co/UXnBpdHi12'"
2018-04-15 14:39:32,"b'RT @dnyadav: Narendra Modi was the first PM to have rape accused - ""Nihal Chand"" as his cabinet minister\n#BalatkariJantaParty https://t.co/\xe2\x80\xa6'"
2018-04-15 14:39:29,b'RT @DaaruBaazMehta: MUST WATCH N SHARE\n\nDelhi CM @ArvindKejriwal Speaks to Media about the recent Rape cases and how the BJP Govt and its L\xe2\x80\xa6'
2018-04-15 14:39:24,"b""RT @ProPankaj_: You Demonitized Currency.\nYou brought GST of high rates.\nYou legalized foreign funding.\nYou didn't give us Acche Din. \n\nBut\xe2\x80\xa6"""
2018-04-15 14:39:24,"b'RT @VickyKedia: Dear India,\n\nSave Your Daughter from BJP,\nSave Your Sister from BJP.\n\nBJP Leaders are hunting our sisters. and then they pu\xe2\x80\xa6'"
2018-04-15 14:39:14,"b'RT @ChoradiyaMehul: Proud BJP Members, they all are Member of Parliament too. Such a shame for us.\n\nThey are disgrace a real disgrace for n\xe2\x80\xa6'"
2018-04-15 14:39:09,"b'RT @i_theindian: UN has taken note of the #KathuaRapeCase. Terming the rape and murder as ""horrific"", the UN has expressed hope that Modi w\xe2\x80\xa6'"
2018-04-15 14:39:06,"b'RT @WhyGovtWhyNotUs: #BalatkariJantaParty Is it do difficult to ensure that no person chargesheeted of rape, murder, kidnapping gets ticket\xe2\x80\xa6'"
2018-04-15 14:39:06,"b""RT @i_me_my5elf: Narendra Modi politicised Rape to Grab power but failed to provide protection to our daughters. Now it's time to ask him a\xe2\x80\xa6"""
2018-04-15 14:39:05,b'RT @Ankita_Shah8: BJP MLAs/MPs are involved in rape cases...Our PM @narendramodi\nis sitting relaxed like always...I am ashamed as an Indian\xe2\x80\xa6'
2018-04-15 14:39:01,b'RT @AAPVed: Any answer to this question???\n#BalatkariJantaParty https://t.co/5ZSXELm1bB'
2018-04-15 14:38:57,"b""RT @AAPlogical: #SpeakUpIndia before it's too late. We must save our India from the devils of #BalatkariJantaParty! https://t.co/f3W9Mnmz9D"""
2018-04-15 14:38:56,"b""RT @AtishiMarlena: Delhi's Aam Aurat and Aadmi on the streets to register their protest against the #BalatkariJantaParty \n\nThousands of pro\xe2\x80\xa6"""
2018-04-15 14:38:55,b'RT @TrollModii: We officially are changing name of our party from Bhartiya Janta Party to #BalatkariJantaParty . Please do cooperate and ki\xe2\x80\xa6'
2018-04-15 14:38:50,b'RT @AAPMPOfficial: This is the BJP President of Madhya Pradesh.\n\nShame on you Mr. @NandKumarSinghC\n\n#BalatkariJantaParty https://t.co/P9wUA\xe2\x80\xa6'
2018-04-15 14:38:45,"b""BJP has highest number of MPs, MLAs with cases of crime against women...\nPM said 'Beti bachao'..\nReally... 'Beti ba\xe2\x80\xa6 https://t.co/PDRCH9aPpv"""
2018-04-15 14:38:44,b'RT @AAP_Germany: Modi told few years back that BJP is #BalatkariJantaParty . \xf0\x9f\x98\x9c\xf0\x9f\xa4\xa3\xf0\x9f\xa4\xa3 https://t.co/o21fGfS79h'
2018-04-15 14:38:43,"b""RT @ProPankaj_: You Demonitized Currency.\nYou brought GST of high rates.\nYou legalized foreign funding.\nYou didn't give us Acche Din. \n\nBut\xe2\x80\xa6"""
2018-04-15 14:38:40,b'RT @sumannager: #BalatkariJantaParty we want Justice #RapeRoko https://t.co/WkSqwS13Dx'
2018-04-15 14:38:39,"b""RT @AtishiMarlena: Delhi's Aam Aurat and Aadmi on the streets to register their protest against the #BalatkariJantaParty \n\nThousands of pro\xe2\x80\xa6"""
2018-04-15 14:38:38,b'RT @Mayavi101: #SpeakUpIndia against the #balatkarijantaparty https://t.co/K5zzGeDIUH'
2018-04-15 14:38:33,b'RT @pratheesh: People of Kerala has said no to #BalatkariJantaParty. All of us should do the same. https://t.co/7R4iik4xwh'
2018-04-15 14:38:31,"b""RT @Ankita_Shah8: CM @ArvindKejriwal Supports anshan of DCW Chief @SwatiJaiHind, she is on indefinite hunger strike..Her only demand is 'Ju\xe2\x80\xa6"""
2018-04-15 14:38:27,b'RT @TrollModii: We officially are changing name of our party from Bhartiya Janta Party to #BalatkariJantaParty . Please do cooperate and ki\xe2\x80\xa6'
2018-04-15 14:38:25,b'RT @sunilkakrania: Some ppl r circulating On a msg on WhatsApp that probing agency has found out that no rape is done on Afisa \n#JusticeFor\xe2\x80\xa6'
2018-04-15 14:38:25,"b'RT @narendramodi177: AAP IT Cell Trending 2rs/ Per Tweet #BalatkariJantaParty ,Justice Must Be Delivered In Unnao And Kathua Case.\n\nAAP Is\xe2\x80\xa6'"
2018-04-15 14:38:24,b'Powerful Ladies!! Break the silence. Time to speak up #SpeakUpIndia #Justice4RapeVictims #BalatkariJantaParty https://t.co/aUVpJL7Umd'
2018-04-15 14:38:23,"b""RT @AtishiMarlena: Delhi's Aam Aurat and Aadmi on the streets to register their protest against the #BalatkariJantaParty \n\nThousands of pro\xe2\x80\xa6"""
2018-04-15 14:38:21,b'Where are we going as a country? Now a rape and murder of a 11 year old found on April 6 th in the news.\xe2\x80\xa6 https://t.co/ud5vrjLd3o'
2018-04-15 14:38:21,"b""RT @AAPlogical: #BalatkariJantaParty and it's members are using Tiranga to protect and support the rapists! Throw them out India! https://t\xe2\x80\xa6"""
2018-04-15 14:38:18,"b'Retweeted Mehul Choradiya (@ChoradiyaMehul):\n\nProud BJP Members, they all are Member of Parliament too. Such a sham\xe2\x80\xa6 https://t.co/lUzHvXl2lI'"
2018-04-15 14:38:16,"b'RT @ChoradiyaMehul: Proud BJP Members, they all are Member of Parliament too. Such a shame for us.\n\nThey are disgrace a real disgrace for n\xe2\x80\xa6'"
2018-04-15 14:38:13,"b""RT @Iam_JKhan: She's fighting for my daughter, She's fighting for my wife, She's fighting for my mother...\n\n#BalatkariJantaParty #JusticeFo\xe2\x80\xa6"""
2018-04-15 14:38:13,"b'RT @Tapan_999: #BalatkariJantaParty\n\n""                 DemoParty\xf0\x9f\xa4\x94\n\n""                 GST Party\xf0\x9f\xa4\x94\n\n""                Jobs Party\xf0\x9f\xa4\x94\n\n""\xe2\x80\xa6'"
2018-04-15 14:38:11,b'RT @bhatia_niraj23: Make them realize everyday for speaking such vulnerable things  while nation is mourning .. \n#BalatkariJantaParty #Just\xe2\x80\xa6'
2018-04-15 14:38:10,"b""RT @AtishiMarlena: Delhi's Aam Aurat and Aadmi on the streets to register their protest against the #BalatkariJantaParty \n\nThousands of pro\xe2\x80\xa6"""
2018-04-15 14:38:10,b'RT @DaaruBaazMehta: MUST WATCH N SHARE\n\nDelhi CM @ArvindKejriwal Speaks to Media about the recent Rape cases and how the BJP Govt and its L\xe2\x80\xa6'
2018-04-15 14:38:04,"b""RT @TrollBakths: BJP Saves Rapists\nBJP is full of Rapists\n\nFinally they will say it's Pakistan influence for everything\n\n#BalatkariJantaPar\xe2\x80\xa6"""
2018-04-15 14:38:03,"b'RT @peace_indian: #BalatkariJantaParty Reject the people &amp; Party who stands for Criminals,Rapists...then oly we can live in peace with soci\xe2\x80\xa6'"
2018-04-15 14:38:01,b'RT @AAPlogical: Do we deserve leaders of #BalatkariJantaParty?? https://t.co/kzOGhJXqLj'
2018-04-15 14:37:55,"b""RT @AtishiMarlena: Delhi's Aam Aurat and Aadmi on the streets to register their protest against the #BalatkariJantaParty \n\nThousands of pro\xe2\x80\xa6"""
2018-04-15 14:37:55,b'RT @hallagullaboy: BJP MLA comfirma that it was the BJP party who send him to protect #KathuaRapeCase accused\n\n#BalatkariJantaParty https:/\xe2\x80\xa6'
2018-04-15 14:37:54,b'RT @Davinderghaloti: Shame on Female BJP leaders\n#BalatkariJantaParty https://t.co/Sb4dznNcnt'
2018-04-15 14:37:54,"b'RT @narendramodi177: AAP IT Cell Trending 2rs/ Per Tweet #BalatkariJantaParty ,Justice Must Be Delivered In Unnao And Kathua Case.\n\nAAP Is\xe2\x80\xa6'"
2018-04-15 14:37:52,"b""RT @drunkJournalist: Indian Captain Virat Kohli's strong words in support of #Asifa and also speaks against those who are celebrating the r\xe2\x80\xa6"""
2018-04-15 14:37:50,b'Some ppl r circulating On a msg on WhatsApp that probing agency has found out that no rape is done on Afisa\xe2\x80\xa6 https://t.co/izWC8DAuOo'
2018-04-15 14:37:50,"b'RT @deeppant2: According to ADR, @BJP4India has highest no. of MPs, MLAs with cases of crime against women. https://t.co/egBEP6KpLy\n#Balatk\xe2\x80\xa6'"
2018-04-15 14:37:48,"b'RT @_AnkitaRana: Proud BJP Members, they all are Member of Parliament too. Such a shame for us.\n\nThey are disgrace a real disgrace for nati\xe2\x80\xa6'"
2018-04-15 14:37:47,b'RT @SwamiGeetika: Dont You think sudden Anti BJP posters across india after Kathua controversy is a result of well thought and carefully ex\xe2\x80\xa6'
2018-04-15 14:37:47,"b""RT @Davinderghaloti: modi's Made in india . 8 month to 80 years woman are being rapid ! #BalatkariJantaParty https://t.co/lrPtAjc36L"""
2018-04-15 14:37:47,b'RT @AAPVed: Pakistan - Child Rapist Sentence To Death \nIndia - \xe2\x80\x9cHindu Ekta Munch\xe2\x80\x9d takes out rally holding India flag to PROTECT the child r\xe2\x80\xa6'
2018-04-15 14:37:47,b'@ManojKarwasra5 @narendramodi @googly69 @aapanup @rjdevenderkumar @ChoradiyaMehul @jmmulani @KNSkinjal_\xe2\x80\xa6 https://t.co/RihLKe5zUM'
2018-04-15 14:37:44,"b'RT @AAPVed: The full gang of Rapists, police conspirators and two BJP ministers in support... photographs with name and role.\n#BalatkariJan\xe2\x80\xa6'"
2018-04-15 14:37:44,b'RT @aartic02: Do you know ??\nBJP Leaders Top the list of Cases against Women \n#BalatkariJantaParty https://t.co/Vl6IUk2FJp'
2018-04-15 14:37:42,b'RT @7Being8Khan6: #GoBackModi protect ur girl from #BalatkariJantaParty https://t.co/Cx6c562aya'
2018-04-15 14:37:41,b'RT @AAPVed: Any answer to this question???\n#BalatkariJantaParty https://t.co/5ZSXELm1bB'
2018-04-15 14:37:40,b'RT @satyamKvachan: Look at the response of @BJP4India leaders to Kathua &amp; Unnao Gangrape case.\nThis is the true face of #BalatkariJantaPart\xe2\x80\xa6'
2018-04-15 14:37:39,b'RT @DaaruBaazMehta: MUST WATCH N SHARE\n\nDelhi CM @ArvindKejriwal Speaks to Media about the recent Rape cases and how the BJP Govt and its L\xe2\x80\xa6'
2018-04-15 14:37:37,"b'Hindutva poster boy ""Vinayak damodar sawarkar"" once said rapes should be used as political tool to weaken it\'s oppo\xe2\x80\xa6 https://t.co/1Nt6X7Ex1g'"
2018-04-15 14:37:36,"b""RT @aishwaryverma9: BJP has highest number of MPs, MLAs with cases of crime against women...\nPM said 'Beti bachao'..\nReally... 'Beti bachao\xe2\x80\xa6"""
2018-04-15 14:37:36,b'Honamanna Kere Lake is a place endorse by travellers Coorg #roadtrip #click https://t.co/EMThQpXw4s\xe2\x80\xa6 https://t.co/Xehk5yMgZK'
2018-04-15 14:37:33,b'RT @NitinTyagiAAP: We want Justice #BalatkariJantaParty'
2018-04-15 14:37:31,b'RT @Ankita_Shah8: BJP MLAs/MPs are involved in rape cases...Our PM @narendramodi\nis sitting relaxed like always...I am ashamed as an Indian\xe2\x80\xa6'
2018-04-15 14:37:30,b'RT @Tinni_Aphrodite: She has a solid point! #BalatkariJantaParty https://t.co/tTWF8A1dm1'
2018-04-15 14:37:29,"b'Retweeted Aishwary Verma (@aishwaryverma9):\n\nBJP has highest number of MPs, MLAs with cases of crime against women.\xe2\x80\xa6 https://t.co/PnvcAXwsur'"
2018-04-15 14:37:29,b'RT @peace_indian: #BalatkariJantaParty Even now Top woman ministers of BJP never opened their mouth about #Unnao &amp; Kathua incidents...are t\xe2\x80\xa6'
2018-04-15 14:37:27,"b'RT @aartic02: ""Women not capable of being left Free or Independent"" ;;;\nWomen of India, Especially BJP Voters &amp; Supporters .. \nDo you agree\xe2\x80\xa6'"
2018-04-15 14:37:26,"b""RT @aishwaryverma9: BJP has highest number of MPs, MLAs with cases of crime against women...\nPM said 'Beti bachao'..\nReally... 'Beti bachao\xe2\x80\xa6"""
2018-04-15 14:37:22,"b'RT @AAPVed: The full gang of Rapists, police conspirators and two BJP ministers in support... photographs with name and role.\n#BalatkariJan\xe2\x80\xa6'"
2018-04-15 14:37:21,b'RT @AAPVed: Pakistan - Child Rapist Sentence To Death \nIndia - \xe2\x80\x9cHindu Ekta Munch\xe2\x80\x9d takes out rally holding India flag to PROTECT the child r\xe2\x80\xa6'
2018-04-15 14:37:21,b'RT @DaaruBaazMehta: MUST WATCH N SHARE\n\nDelhi CM @ArvindKejriwal Speaks to Media about the recent Rape cases and how the BJP Govt and its L\xe2\x80\xa6'
2018-04-15 14:37:15,"b""RT @AtishiMarlena: Delhi's Aam Aurat and Aadmi on the streets to register their protest against the #BalatkariJantaParty \n\nThousands of pro\xe2\x80\xa6"""
2018-04-15 14:37:15,"b""RT @AtishiMarlena: Delhi's Aam Aurat and Aadmi on the streets to register their protest against the #BalatkariJantaParty \n\nThousands of pro\xe2\x80\xa6"""
2018-04-15 14:37:14,"b""RT @Ankita_Shah8: CM @ArvindKejriwal Supports anshan of DCW Chief @SwatiJaiHind, she is on indefinite hunger strike..Her only demand is 'Ju\xe2\x80\xa6"""
2018-04-15 14:37:14,b'RT @AAP_Germany: People now knows BJP is #BalatkariJantaParty . Therefore putting these banners on their doors &amp; area. https://t.co/Wb8Ona6\xe2\x80\xa6'
2018-04-15 14:37:10,"b""RT @Ankita_Shah8: Dear Rape victims...\n\nDon't scream...Don't make noise...Our PM is sleeping \n#BalatkariJantaParty https://t.co/p0Jz1pIaq3"""
2018-04-15 14:37:03,"b""RT @i_me_my5elf: Narendra Modi politicised Rape to Grab power but failed to provide protection to our daughters. Now it's time to ask him a\xe2\x80\xa6"""
2018-04-15 14:37:03,"b'RT @peace_indian: #BalatkariJantaParty many Bhakts are defending Rapists,They are dragging Religion to safeguard, so decide yourself by bef\xe2\x80\xa6'"
2018-04-15 14:37:02,"b""RT @i_theindian: India's pride weightlifter Poonam Yadav, who won India a gold medal in the ongoing #CWG2018 was attacked with bricks and s\xe2\x80\xa6"""
2018-04-15 14:37:01,"b'RT @deeppant2: According to ADR, @BJP4India has highest no. of MPs, MLAs with cases of crime against women. https://t.co/egBEP6KpLy\n#Balatk\xe2\x80\xa6'"
2018-04-15 14:36:57,"b'RT @AAPVed: Narendra Modi was the first PM to have rape accused - ""Nihal Chand"" as his cabinet minister\n#BalatkariJantaParty https://t.co/z\xe2\x80\xa6'"
2018-04-15 14:36:55,b'RT @kar2000k: Retweeted savrabh Singh (@singhsavrabh):\n\n#BalatkariJantaParty https://t.co/UJFwkF6A3X https://t.co/ScDPSssTJ5'
2018-04-15 14:36:53,b'RT @AapKaShahh: Protest at Patel Chowk against #BalatkariJantaParty https://t.co/5U6WPvtR9o'
2018-04-15 14:36:52,"b'RT @vinod19912000: ""Women not capable of being left Free or Independent"" ;;;\nWomen of India, Especially BJP Voters &amp; Supporters .. \nDo you\xe2\x80\xa6'"
2018-04-15 14:36:51,"b'RT @SourabhJainIET: BJP Gives Ticket to Rape-Tainted Sakshi Maharaj.\n\nWhere is Your Slogan ""Beti Bachao, Beti Padao"" ?\n\n#BalatkariJantaPart\xe2\x80\xa6'"
2018-04-15 14:36:48,"b'RT @AAPVed: The full gang of Rapists, police conspirators and two BJP ministers in support... photographs with name and role.\n#BalatkariJan\xe2\x80\xa6'"
2018-04-15 14:36:46,b'RT @ChoradiyaMehul: The Actual Full Form of BJP must be : #BalatkariJantaParty\n\nThe Accused in Unnao Rape Case is BJP MLA.\n\nThe MLAs who ca\xe2\x80\xa6'
2018-04-15 14:36:41,"b""RT @AtishiMarlena: Delhi's Aam Aurat and Aadmi on the streets to register their protest against the #BalatkariJantaParty \n\nThousands of pro\xe2\x80\xa6"""
2018-04-15 14:36:33,"b'RT @narendramodi177: AAP IT Cell Trending 2rs/ Per Tweet #BalatkariJantaParty ,Justice Must Be Delivered In Unnao And Kathua Case.\n\nAAP Is\xe2\x80\xa6'"
2018-04-15 14:36:33,b'RT @kar2000k: Retweeted RAJAH SUNDHARARAJ (@rajasundaraj):\n\nMake them realize everyday for speaking such vulnerable things  while nation is\xe2\x80\xa6'
2018-04-15 14:36:32,"b""RT @AtishiMarlena: Delhi's Aam Aurat and Aadmi on the streets to register their protest against the #BalatkariJantaParty \n\nThousands of pro\xe2\x80\xa6"""
2018-04-15 14:36:31,b'Retweeted Ved Prakash (@AAPVed):\n\nPakistan - Child Rapist Sentence To Death \nIndia - \xe2\x80\x9cHindu Ekta Munch\xe2\x80\x9d takes out r\xe2\x80\xa6 https://t.co/MAiRjl6cq6'
2018-04-15 14:36:31,b'RT @rajasundaraj: Make them realize everyday for speaking such vulnerable things  while nation is mourning .. \n#BalatkariJantaParty #Justic\xe2\x80\xa6'
2018-04-15 14:36:31,"b'RT @SourabhJainIET: BJP Gives Ticket to Rape-Tainted Sakshi Maharaj.\n\nWhere is Your Slogan ""Beti Bachao, Beti Padao"" ?\n\n#BalatkariJantaPart\xe2\x80\xa6'"
2018-04-15 14:36:30,"b'RT @aartic02: ""Women not capable of being left Free or Independent"" ;;;\nWomen of India, Especially BJP Voters &amp; Supporters .. \nDo you agree\xe2\x80\xa6'"
2018-04-15 14:36:30,b'RT @AAPVed: Pakistan - Child Rapist Sentence To Death \nIndia - \xe2\x80\x9cHindu Ekta Munch\xe2\x80\x9d takes out rally holding India flag to PROTECT the child r\xe2\x80\xa6'
2018-04-15 14:36:28,"b'RT @kar2000k: Retweeted Sourabh \xf0\x9f\x87\xae\xf0\x9f\x87\xb3 (@SourabhJainIET):\n\nBJP has highest number of MPs, MLAs with cases of crime against women.\n\n#BalatkariJa\xe2\x80\xa6'"
2018-04-15 14:36:26,b'RT @SwamiGeetika: Dont You think sudden Anti BJP posters across india after Kathua controversy is a result of well thought and carefully ex\xe2\x80\xa6'
2018-04-15 14:36:26,"b'RT @narendramodi177: AAP IT Cell Trending 2rs/ Per Tweet #BalatkariJantaParty ,Justice Must Be Delivered In Unnao And Kathua Case.\n\nAAP Is\xe2\x80\xa6'"
2018-04-15 14:36:24,b'Retweeted Geetika Swami (@SwamiGeetika):\n\nDont You think sudden Anti BJP posters across india after Kathua controve\xe2\x80\xa6 https://t.co/FFK30YNG1Z'
2018-04-15 14:36:24,b'RT @AAPVed: Pakistan - Child Rapist Sentence To Death \nIndia - \xe2\x80\x9cHindu Ekta Munch\xe2\x80\x9d takes out rally holding India flag to PROTECT the child r\xe2\x80\xa6'
2018-04-15 14:36:23,b'RT @tufailjamuiaap: Gujarat BJP leader booked for Rape\n#BalatkariJantaParty https://t.co/aYhsFQkzj1'
2018-04-15 14:36:22,"b'Despite the level of brutality in both cases, BJP leaders have either unambiguously stood in defence of the accused\xe2\x80\xa6 https://t.co/Oxj8X3M2h2'"
2018-04-15 14:36:21,"b'RT @AAPKA_RK: According to ADR, @BJP4India has highest no. of MPs, MLAs with cases of crime against women. https://t.co/rn9ZTlgKyN\n#Balatka\xe2\x80\xa6'"
2018-04-15 14:36:21,b'RT @SwamiGeetika: Dont You think sudden Anti BJP posters across india after Kathua controversy is a result of well thought and carefully ex\xe2\x80\xa6'
2018-04-15 14:36:20,b'RT @iShweta_Rao: Any answer to this question???\n#BalatkariJantaParty https://t.co/bLdjiX4bBp'
2018-04-15 14:36:16,b'RT @SwamiGeetika: Dont You think sudden Anti BJP posters across india after Kathua controversy is a result of well thought and carefully ex\xe2\x80\xa6'
2018-04-15 14:36:11,b'RT @Tinni_Aphrodite: She has a solid point! #BalatkariJantaParty https://t.co/tTWF8A1dm1'
2018-04-15 14:36:11,"b'RT @deeppant2: According to ADR, @BJP4India has highest no. of MPs, MLAs with cases of crime against women. https://t.co/egBEP6KpLy\n#Balatk\xe2\x80\xa6'"
2018-04-15 14:36:10,"b'RT @SourabhJainIET: The ""Balatkari"" mindset of the BJP.\n\n#BalatkariJantaParty https://t.co/NPGMl7Lv7H'"
2018-04-15 14:36:07,b'RT @aapkanv: #BalatkariJantaParty \n\nWe want Justice https://t.co/VwPuUd4CZp'
2018-04-15 14:36:06,b'RT @DaaruBaazMehta: MUST WATCH N SHARE\n\nDelhi CM @ArvindKejriwal Speaks to Media about the recent Rape cases and how the BJP Govt and its L\xe2\x80\xa6'
2018-04-15 14:35:56,b'RT @tufailjamuiaap: Court frames rape charges against @BJP4India MLA two others\n#BalatkariJantaParty https://t.co/vFOICjkcfq'
2018-04-15 14:35:55,b'RT @amalkrishnan208: Do you know ??\n#BalatkariJantaParty ( #BJP ) Leaders Top the list of Cases against #Women .\n#SpeakUpIndia #KathuaRapeC\xe2\x80\xa6'
2018-04-15 14:35:53,b'RT @AAPVed: Share this so that every girl in this country can see and understand what BJP supporters actually are. \n#BetiBachao from \n#Bala\xe2\x80\xa6'
2018-04-15 14:35:50,"b""RT @AAPlogical: #SpeakUpIndia before it's too late. We must save our India from the devils of #BalatkariJantaParty! https://t.co/f3W9Mnmz9D"""
2018-04-15 14:35:50,b'RT @AapKaShahh: Protest at Patel Chowk against #BalatkariJantaParty https://t.co/5U6WPvtR9o'
2018-04-15 14:35:47,b'RT @SwamiGeetika: Dont You think sudden Anti BJP posters across india after Kathua controversy is a result of well thought and carefully ex\xe2\x80\xa6'
2018-04-15 14:35:43,"b'RT @AAPlogical: Members of #BalatkariJantaParty protected, supported and defended these filthy scum Sanghis! https://t.co/nCoobsMTOz'"
2018-04-15 14:35:42,"b'RT @SourabhJainIET: The ""Balatkari"" mindset of the BJP.\n\n#BalatkariJantaParty https://t.co/NPGMl7Lv7H'"
2018-04-15 14:35:41,"b'RT @SourabhJainIET: BJP Gives Ticket to Rape-Tainted Sakshi Maharaj.\n\nWhere is Your Slogan ""Beti Bachao, Beti Padao"" ?\n\n#BalatkariJantaPart\xe2\x80\xa6'"
2018-04-15 14:35:38,"b""RT @i_me_my5elf: Narendra Modi politicised Rape to Grab power but failed to provide protection to our daughters. Now it's time to ask him a\xe2\x80\xa6"""
2018-04-15 14:35:37,b'RT @AAPVed: Share this so that every girl in this country can see and understand what BJP supporters actually are. \n#BetiBachao from \n#Bala\xe2\x80\xa6'
2018-04-15 14:35:37,"b'RT @AAPVed: The full gang of Rapists, police conspirators and two BJP ministers in support... photographs with name and role.\n#BalatkariJan\xe2\x80\xa6'"
2018-04-15 14:35:36,b'RT @peace_indian: #BalatkariJantaParty Rapist BJP MLA as Misused his power &amp; only after the public outrage he has been arrested... So there\xe2\x80\xa6'
2018-04-15 14:35:29,b'RT @Shalupcrf: Thank you Delhi for speaking out against Kathua and Unnao. \n\n#BalatkariJantaParty https://t.co/WZEqYSvXKV'
2018-04-15 14:35:29,b'RT @AAPlogical: Do we deserve leaders of #BalatkariJantaParty?? https://t.co/kzOGhJXqLj'
2018-04-15 14:35:27,"b'For the first time, try Paragliding in Panchgani in Panchgani #traveller #roadtrip https://t.co/Vfk0DlI5TT\xe2\x80\xa6 https://t.co/9UYc6BFKm5'"
2018-04-15 14:35:26,"b'RT @deeppant2: According to ADR, @BJP4India has highest no. of MPs, MLAs with cases of crime against women. https://t.co/egBEP6KpLy\n#Balatk\xe2\x80\xa6'"
2018-04-15 14:35:25,b'RT @TrollModii: We officially are changing name of our party from Bhartiya Janta Party to #BalatkariJantaParty . Please do cooperate and ki\xe2\x80\xa6'
2018-04-15 14:35:25,b'RT @AAPVed: Share this so that every girl in this country can see and understand what BJP supporters actually are. \n#BetiBachao from \n#Bala\xe2\x80\xa6'
2018-04-15 14:35:24,"b""RT @AtishiMarlena: Delhi's Aam Aurat and Aadmi on the streets to register their protest against the #BalatkariJantaParty \n\nThousands of pro\xe2\x80\xa6"""
2018-04-15 14:35:18,b'RT @Shalupcrf: Thank you Delhi for speaking out against Kathua and Unnao. \n\n#BalatkariJantaParty https://t.co/WZEqYSvXKV'
2018-04-15 14:35:18,"b""RT @AtishiMarlena: Delhi's Aam Aurat and Aadmi on the streets to register their protest against the #BalatkariJantaParty \n\nThousands of pro\xe2\x80\xa6"""
2018-04-15 14:35:14,b'RT @iamvk_IN: #SpeakUpIndia different between @BJP4India  #BalatkariJantaParty  &amp; @INCIndia  #ChangeIsNow https://t.co/sdfL0pMBnJ'
2018-04-15 14:35:13,b'RT @Ankita_Shah8: BJP MLAs/MPs are involved in rape cases...Our PM @narendramodi\nis sitting relaxed like always...I am ashamed as an Indian\xe2\x80\xa6'
2018-04-15 14:35:09,b'RT @AAPVed: Pakistan - Child Rapist Sentence To Death \nIndia - \xe2\x80\x9cHindu Ekta Munch\xe2\x80\x9d takes out rally holding India flag to PROTECT the child r\xe2\x80\xa6'
2018-04-15 14:35:09,"b'RT @AAPVed: Narendra Modi was the first PM to have rape accused - ""Nihal Chand"" as his cabinet minister\n#BalatkariJantaParty https://t.co/z\xe2\x80\xa6'"
2018-04-15 14:35:08,b'RT @aartic02: Do you know ??\nBJP Leaders Top the list of Cases against Women \n#BalatkariJantaParty https://t.co/Vl6IUk2FJp'
2018-04-15 14:35:08,"b'RT @AapHanumangarh: \xe2\x97\x8f Arvind Kejriwal said as  CM, he is worried about the safety of women in Delhi. As an Indian, he is worried about the\xe2\x80\xa6'"
2018-04-15 14:35:03,"b""RT @TrollBakths: Where is menaka Gandhi ?\n\nIndia's women and children welfare minister .\n\nBut she voice out only for cow and bulls .\n\nShame\xe2\x80\xa6"""
2018-04-15 14:35:02,"b""RT @AtishiMarlena: Delhi's Aam Aurat and Aadmi on the streets to register their protest against the #BalatkariJantaParty \n\nThousands of pro\xe2\x80\xa6"""
2018-04-15 14:35:01,b'RT @vikrameffects: #BalatkariJantaParty #justiceForAsifa BJP has insulted millions of Hindus by trying to defend rapists. All Indians have\xe2\x80\xa6'
2018-04-15 14:34:56,b'RT @DrSaniaMaan: Thread:\n\nThis is the stand of union minister of #BalatkariJantaParty on Nirbhaya case... And you expect them to be tough o\xe2\x80\xa6'
2018-04-15 14:34:56,b'RT @MeenaDee2: @INCIndia #BalatkariJantaParty se\n#BJPSeBetiBachao \nshame!!!! https://t.co/YePaMZM24J'
2018-04-15 14:34:56,"b""RT @AamAadmiParty: Watch AAP Convenor &amp; Delhi CM @ArvindKejriwal's address at Samta Sthal, Rajghat.\n\nAK reached there in solidarity with DC\xe2\x80\xa6"""
2018-04-15 14:34:52,"b""RT @ProPankaj_: You Demonitized Currency.\nYou brought GST of high rates.\nYou legalized foreign funding.\nYou didn't give us Acche Din. \n\nBut\xe2\x80\xa6"""
2018-04-15 14:34:51,"b""RT @AkshayMarathe: .@AtishiMarlena reaches Patel Chowk at @AamAadmiParty's protest against the Prime Minister. \n\n#BalatkariJantaParty \n\nThe\xe2\x80\xa6"""
2018-04-15 14:34:46,"b""RT @aishwaryverma9: BJP has highest number of MPs, MLAs with cases of crime against women...\nPM said 'Beti bachao'..\nReally... 'Beti bachao\xe2\x80\xa6"""
2018-04-15 14:34:41,"b""She's fighting for my daughter, She's fighting for my wife, She's fighting for my mother...\n\n#BalatkariJantaParty\xe2\x80\xa6 https://t.co/iV2XrydmTe"""
2018-04-15 14:34:39,"b'RT @AAPVed: The full gang of Rapists, police conspirators and two BJP ministers in support... photographs with name and role.\n#BalatkariJan\xe2\x80\xa6'"
2018-04-15 14:34:39,"b'RT @beingaribmehar: If you protect Rapists like #Unnao and #KathuaCase , Public will will call you, #BalatkariJantaParty.......cause you ha\xe2\x80\xa6'"
2018-04-15 14:34:36,"b'Not political party like bjp, Congress \naap is responsible, it is the person with bad thinking is responsible. #BalatkariJantaParty'"
2018-04-15 14:34:31,b'RT @SwamiGeetika: Dont You think sudden Anti BJP posters across india after Kathua controversy is a result of well thought and carefully ex\xe2\x80\xa6'
2018-04-15 14:34:29,b'RT @amarakhbaranth1: UP police/J&amp;K lawyers on #Kathua &amp; #Unnao protests all over india \n\nWhat a shame ... law &amp; order became bit*ch to thos\xe2\x80\xa6'
2018-04-15 14:34:27,b'RT @AAPVed: Any answer to this question???\n#BalatkariJantaParty https://t.co/5ZSXELm1bB'
2018-04-15 14:34:26,"b'RT @AAPVed: The full gang of Rapists, police conspirators and two BJP ministers in support... photographs with name and role.\n#BalatkariJan\xe2\x80\xa6'"
2018-04-15 14:34:22,b'RT @ravirp: Have a 2 year old son n I am really worried about his future.\nWould he ask me in future that is it ok to rape?\nAre we going to\xe2\x80\xa6'
2018-04-15 14:34:17,"b""RT @AtishiMarlena: Delhi's Aam Aurat and Aadmi on the streets to register their protest against the #BalatkariJantaParty \n\nThousands of pro\xe2\x80\xa6"""
2018-04-15 14:34:16,b'#BalatkariJantaParty we want Justice #RapeRoko https://t.co/WkSqwS13Dx'
2018-04-15 14:34:10,b'RT @UrfGandhi: #BalatkariJantaParty EC should lay down a strict bar on political parties for  giving the candidature to such persons aginst\xe2\x80\xa6'
2018-04-15 14:34:09,"b""RT @DrSaniaMaan: 1/n\n\nEven before exposing the obsession of #BalatkariJantaParty, let's learn who all are running Sex Rackets in their part\xe2\x80\xa6"""
2018-04-15 14:34:02,b'RT @Mayavi101: When Nirbhaya happened India stood united against the rapists.\nWhen #Unnao  &amp; #Kathua happened #balatkarijantaparty defends\xe2\x80\xa6'
2018-04-15 14:34:00,"b""RT @AAPlogical: #SpeakUpIndia before it's too late. We must save our India from the devils of #BalatkariJantaParty! https://t.co/f3W9Mnmz9D"""
2018-04-15 14:33:58,b'RT @DrSaniaMaan: Thread:\n\nThis is the stand of union minister of #BalatkariJantaParty on Nirbhaya case... And you expect them to be tough o\xe2\x80\xa6'
2018-04-15 14:33:55,b'RT @Ankita_Shah8: BJP MLAs/MPs are involved in rape cases...Our PM @narendramodi\nis sitting relaxed like always...I am ashamed as an Indian\xe2\x80\xa6'
2018-04-15 14:33:49,"b""RT @AtishiMarlena: Delhi's Aam Aurat and Aadmi on the streets to register their protest against the #BalatkariJantaParty \n\nThousands of pro\xe2\x80\xa6"""
2018-04-15 14:33:43,b'Shame on the people who voted for #BalatkariJantaParty :( :( :('
2018-04-15 14:33:41,b'RT @Jainpankajkasan: #BalatkariJantaParty this is for #election2019 only nothing else'
2018-04-15 14:33:39,b'RT @gudia999199: #BalatkariJantaParty is trending showing the future of @BJP4India @mlkhattar ji as you sow so shall you reap. https://t.co\xe2\x80\xa6'
2018-04-15 14:33:39,"b""RT @AtishiMarlena: Delhi's Aam Aurat and Aadmi on the streets to register their protest against the #BalatkariJantaParty \n\nThousands of pro\xe2\x80\xa6"""
2018-04-15 14:33:36,b'RT @DaaruBaazMehta: MUST WATCH N SHARE\n\nDelhi CM @ArvindKejriwal Speaks to Media about the recent Rape cases and how the BJP Govt and its L\xe2\x80\xa6'
2018-04-15 14:33:31,b'RT @jnyanaviram: True \xf0\x9f\x98\xa1\xf0\x9f\x98\xa1 #BalatkariJantaParty https://t.co/SmT8a4VmnY'
2018-04-15 14:33:31,"b""India's pride weightlifter Poonam Yadav, who won India a gold medal in the ongoing #CWG2018 was attacked with brick\xe2\x80\xa6 https://t.co/FB5bJ24H90"""
2018-04-15 14:33:31,b'RT @DaaruBaazMehta: MUST WATCH N SHARE\n\nDelhi CM @ArvindKejriwal Speaks to Media about the recent Rape cases and how the BJP Govt and its L\xe2\x80\xa6'
2018-04-15 14:33:29,b'RT @SourabhJainIET: Ye UP ke CM he !!\n\n#BalatkariJantaParty https://t.co/4QNFE1x2FZ'
2018-04-15 14:33:26,"b""RT @drunkJournalist: Indian Captain Virat Kohli's strong words in support of #Asifa and also speaks against those who are celebrating the r\xe2\x80\xa6"""
2018-04-15 14:33:25,b'RT @DaaruBaazMehta: MUST WATCH N SHARE\n\nDelhi CM @ArvindKejriwal Speaks to Media about the recent Rape cases and how the BJP Govt and its L\xe2\x80\xa6'
2018-04-15 14:33:20,b'#BalatkariJantaParty this is for #election2019 only nothing else'
2018-04-15 14:33:13,b'RT @7Being8Khan6: #GoBackModi protect ur girl from #BalatkariJantaParty https://t.co/Cx6c562aya'
2018-04-15 14:33:12,"b""RT @Ankita_Shah8: Dear Rape victims...\n\nDon't scream...Don't make noise...Our PM is sleeping \n#BalatkariJantaParty https://t.co/p0Jz1pIaq3"""
2018-04-15 14:33:11,b'RT @AAPVed: Pakistan - Child Rapist Sentence To Death \nIndia - \xe2\x80\x9cHindu Ekta Munch\xe2\x80\x9d takes out rally holding India flag to PROTECT the child r\xe2\x80\xa6'
2018-04-15 14:33:10,"b""RT @AamAadmiParty: Watch AAP Convenor &amp; Delhi CM @ArvindKejriwal's address at Samta Sthal, Rajghat.\n\nAK reached there in solidarity with DC\xe2\x80\xa6"""
2018-04-15 14:33:09,"b'RT @Sujesh_Knr: Brainless bhakths are the main power of sangh..\nThey will try their level best to justify any kind of anti democratic, anti\xe2\x80\xa6'"
2018-04-15 14:33:04,b'RT @Tinni_Aphrodite: She has a solid point! #BalatkariJantaParty https://t.co/tTWF8A1dm1'
2018-04-15 14:33:02,b'RT @SourabhJainIET: Ye UP ke CM he !!\n\n#BalatkariJantaParty https://t.co/4QNFE1x2FZ'
2018-04-15 14:32:58,b'RT @AAPVed: Any answer to this question???\n#BalatkariJantaParty https://t.co/5ZSXELm1bB'
2018-04-15 14:32:57,b'Media and opposition should focus on justice and free - fare inquiry for justice to innocent victims.\n:\nInstead of\xe2\x80\xa6 https://t.co/Rq9e4DrIiY'
2018-04-15 14:32:57,"b""RT @AkshayMarathe: .@AtishiMarlena reaches Patel Chowk at @AamAadmiParty's protest against the Prime Minister. \n\n#BalatkariJantaParty \n\nThe\xe2\x80\xa6"""
2018-04-15 14:32:51,b'RT @Ankita_Shah8: BJP MLAs/MPs are involved in rape cases...Our PM @narendramodi\nis sitting relaxed like always...I am ashamed as an Indian\xe2\x80\xa6'
2018-04-15 14:32:46,"b""RT @AtishiMarlena: Delhi's Aam Aurat and Aadmi on the streets to register their protest against the #BalatkariJantaParty \n\nThousands of pro\xe2\x80\xa6"""
2018-04-15 14:32:45,"b'RT @AapHanumangarh: \xe2\x97\x8f Arvind Kejriwal said as  CM, he is worried about the safety of women in Delhi. As an Indian, he is worried about the\xe2\x80\xa6'"
2018-04-15 14:32:43,b'RT @tufailjamuiaap: Gujarat BJP leader booked for Rape\n#BalatkariJantaParty https://t.co/aYhsFQkzj1'
2018-04-15 14:32:42,b'RT @AAPlogical: Do we deserve leaders of #BalatkariJantaParty?? https://t.co/kzOGhJXqLj'
2018-04-15 14:32:41,"b""RT @AtishiMarlena: Delhi's Aam Aurat and Aadmi on the streets to register their protest against the #BalatkariJantaParty \n\nThousands of pro\xe2\x80\xa6"""
2018-04-15 14:32:38,b'Retweeted lakshya_varrier (@lakshya_varrier):\n\n#RCBvRR\n Samson\n #SpeakUpIndia\n #BalatkariJantaParty\n #NotInMyName\xe2\x80\xa6 https://t.co/4G3u9n8JoI'
2018-04-15 14:32:34,b'RT @lakshya_varrier: #RCBvRR\n Samson\n #SpeakUpIndia\n #BalatkariJantaParty\n #NotInMyName\n #InnovativeFilmAwards\n 15D TO DASHING THALA DAY\n R\xe2\x80\xa6'
2018-04-15 14:32:32,b'RT @DaaruBaazMehta: MUST WATCH N SHARE\n\nDelhi CM @ArvindKejriwal Speaks to Media about the recent Rape cases and how the BJP Govt and its L\xe2\x80\xa6'
2018-04-15 14:32:30,b'RT @Mayavi101: When Nirbhaya happened India stood united against the rapists.\nWhen #Unnao  &amp; #Kathua happened #balatkarijantaparty defends\xe2\x80\xa6'
2018-04-15 14:32:28,b'RT @AAPlogical: The finance minister of India calls rapes as small incidents. No wonder he belongs to #BalatkariJantaParty https://t.co/Trk\xe2\x80\xa6'
2018-04-15 14:32:22,b'RT @DaaruBaazMehta: MUST WATCH N SHARE\n\nDelhi CM @ArvindKejriwal Speaks to Media about the recent Rape cases and how the BJP Govt and its L\xe2\x80\xa6'
2018-04-15 14:32:22,b'RT @mananjain1008: Somewhere in heaven\xf0\x9f\x98\x82\xf0\x9f\x98\x82\xf0\x9f\x98\x89\xf0\x9f\x98\x8b\n\n#balatkarijantaparty #RCBvRR #SpeakUpIndia #InnovativeFilmAwards https://t.co/Nm1umTeIzR'
2018-04-15 14:32:21,"b'RT @ChoradiyaMehul: Read the Headlines of the news cutting, this will tell the truth about #BalatkariJantaParty.\n\nThey Chanted Beti Bachao\xe2\x80\xa6'"
2018-04-15 14:32:16,b'RT @aartic02: Do you know ??\nBJP Leaders Top the list of Cases against Women \n#BalatkariJantaParty https://t.co/Vl6IUk2FJp'
2018-04-15 14:32:12,b'RT @7Being8Khan6: #GoBackModi protect ur girl from #BalatkariJantaParty https://t.co/Cx6c562aya'
2018-04-15 14:32:11,"b'RT @ChoradiyaMehul: Proud BJP Members, they all are Member of Parliament too. Such a shame for us.\n\nThey are disgrace a real disgrace for n\xe2\x80\xa6'"
2018-04-15 14:32:07,"b""RT @AtishiMarlena: Delhi's Aam Aurat and Aadmi on the streets to register their protest against the #BalatkariJantaParty \n\nThousands of pro\xe2\x80\xa6"""
2018-04-15 14:32:05,b'RT @AAPVed: Pakistan - Child Rapist Sentence To Death \nIndia - \xe2\x80\x9cHindu Ekta Munch\xe2\x80\x9d takes out rally holding India flag to PROTECT the child r\xe2\x80\xa6'
2018-04-15 14:32:04,b'RT @AAPlogical: #BalatkariJantaParty stands with the rapists! https://t.co/MePPdMrEaW'
2018-04-15 14:32:01,"b""RT @AtishiMarlena: Delhi's Aam Aurat and Aadmi on the streets to register their protest against the #BalatkariJantaParty \n\nThousands of pro\xe2\x80\xa6"""
2018-04-15 14:31:58,"b""RT @i_me_my5elf: Narendra Modi politicised Rape to Grab power but failed to provide protection to our daughters. Now it's time to ask him a\xe2\x80\xa6"""
2018-04-15 14:31:58,"b""RT @AAPlogical: #BalatkariJantaParty and it's members are using Tiranga to protect and support the rapists! Throw them out India! https://t\xe2\x80\xa6"""
2018-04-15 14:31:53,"b'RT @aartic02: ""Women not capable of being left Free or Independent"" ;;;\nWomen of India, Especially BJP Voters &amp; Supporters .. \nDo you agree\xe2\x80\xa6'"
2018-04-15 14:31:48,b'RT @TrollModii: We officially are changing name of our party from Bhartiya Janta Party to #BalatkariJantaParty . Please do cooperate and ki\xe2\x80\xa6'
2018-04-15 14:31:48,b'RT @aartic02: Do you know ??\nBJP Leaders Top the list of Cases against Women \n#BalatkariJantaParty https://t.co/Vl6IUk2FJp'
2018-04-15 14:31:47,"b""RT @Ankita_Shah8: CM @ArvindKejriwal Supports anshan of DCW Chief @SwatiJaiHind, she is on indefinite hunger strike..Her only demand is 'Ju\xe2\x80\xa6"""
2018-04-15 14:31:46,b'They have counter points for each n everything.. but they go mum when there party men involve in rapes.. priorities\xe2\x80\xa6 https://t.co/8PTSKOx1Wq'
2018-04-15 14:31:38,"b""RT @AtishiMarlena: Delhi's Aam Aurat and Aadmi on the streets to register their protest against the #BalatkariJantaParty \n\nThousands of pro\xe2\x80\xa6"""
2018-04-15 14:31:38,"b""RT @aishwaryverma9: BJP has highest number of MPs, MLAs with cases of crime against women...\nPM said 'Beti bachao'..\nReally... 'Beti bachao\xe2\x80\xa6"""
2018-04-15 14:31:38,b'#BalatkariJantaParty EC should lay down a strict bar on political parties for  giving the candidature to such perso\xe2\x80\xa6 https://t.co/WpFMetmRwC'
2018-04-15 14:31:36,"b'RT @i_theindian: UN has taken note of the #KathuaRapeCase. Terming the rape and murder as ""horrific"", the UN has expressed hope that Modi w\xe2\x80\xa6'"
2018-04-15 14:31:32,"b'RT @DaaruBaazMehta: Posters outside Houses and Banners outside Colonies\n\n\xe2\x80\x9cWe have little daughters, BJP leaders Are Forbidden Entry\xe2\x80\x9d\n\nJanta\xe2\x80\xa6'"
2018-04-15 14:31:30,b'RT @aartic02: Do you know ??\nBJP Leaders Top the list of Cases against Women \n#BalatkariJantaParty https://t.co/Vl6IUk2FJp'
2018-04-15 14:31:30,"b""RT @AtishiMarlena: Delhi's Aam Aurat and Aadmi on the streets to register their protest against the #BalatkariJantaParty \n\nThousands of pro\xe2\x80\xa6"""
2018-04-15 15:52:10,b'RT @Ankita_Shah8: BJP MLAs/MPs are involved in rape cases...Our PM @narendramodi\nis sitting relaxed like always...I am ashamed as an Indian\xe2\x80\xa6'
2018-04-15 15:52:06,b'RT @amarakhbaranth1: Nation is running on shoulders of these jokers \xf0\x9f\x99\x84\n\n#speakupindia or nation wud become what japan was after nuclear atta\xe2\x80\xa6'
2018-04-15 15:52:03,"b""Retweeted EarthySnowy Tweets (@EarthySnowy):\n\nWill Sunanda's Blue Whale go to jail?\n#KXIPvCSK\n#NotInMyName\n#RCBvRR\xe2\x80\xa6 https://t.co/nY2hrs8I0u"""
2018-04-15 15:51:58,b'Retweeted Indian Youth (@a4satlok):\n\n#BalatkariJantaParty\nKeep blaming each other you fools. You are the only reaso\xe2\x80\xa6 https://t.co/D7QgCTQwkY'
2018-04-15 15:51:57,"b'RT @DaaruBaazMehta: Posters outside Houses and Banners outside Colonies\n\n\xe2\x80\x9cWe have little daughters, BJP leaders Are Forbidden Entry\xe2\x80\x9d\n\nJanta\xe2\x80\xa6'"
2018-04-15 15:51:55,"b""RT @EarthySnowy: Will Sunanda's Blue Whale go to jail?\n#KXIPvCSK\n#NotInMyName\n#RCBvRR\n#SpeakUpIndia\n#BalatkariJantaParty\n#RRvsRCB\n#Rajastha\xe2\x80\xa6"""
2018-04-15 15:51:53,"b""RT @AtishiMarlena: Delhi's Aam Aurat and Aadmi on the streets to register their protest against the #BalatkariJantaParty \n\nThousands of pro\xe2\x80\xa6"""
2018-04-15 15:51:50,b'RT @Ankita_Shah8: BJP MLAs/MPs are involved in rape cases...Our PM @narendramodi\nis sitting relaxed like always...I am ashamed as an Indian\xe2\x80\xa6'
2018-04-15 15:51:50,b'RT @a4satlok: #BalatkariJantaParty\nKeep blaming each other you fools. You are the only reason to bring shame to our country.\nWe have gems o\xe2\x80\xa6'
2018-04-15 15:51:50,b'RT @bhatia_niraj23: Make them realize everyday for speaking such vulnerable things  while nation is mourning .. \n#BalatkariJantaParty #Just\xe2\x80\xa6'
2018-04-15 15:51:49,b'RT @AAPVed: Pakistan - Child Rapist Sentence To Death \nIndia - \xe2\x80\x9cHindu Ekta Munch\xe2\x80\x9d takes out rally holding India flag to PROTECT the child r\xe2\x80\xa6'
2018-04-15 15:51:48,"b'RT @ChoradiyaMehul: Proud BJP Members, they all are Member of Parliament too. Such a shame for us.\n\nThey are disgrace a real disgrace for n\xe2\x80\xa6'"
2018-04-15 15:51:45,b'RT @icashmir: 30% of Indians voted for them.\n\n#BalatkariJantaParty https://t.co/B1vVYqQGGO'
2018-04-15 15:51:35,"b""RT @drunkJournalist: Indian Captain Virat Kohli's strong words in support of #Asifa and also speaks against those who are celebrating the r\xe2\x80\xa6"""
2018-04-15 15:51:32,b'RT @Ankita_Shah8: BJP MLAs/MPs are involved in rape cases...Our PM @narendramodi\nis sitting relaxed like always...I am ashamed as an Indian\xe2\x80\xa6'
2018-04-15 15:51:29,b'RT @aAccheDin: Chris Gayle after 22 ball fifty\n\nPunjabis na chup chaap aate hain.... #LivePunjabiPlayPunjabi \n\n#ChrisGayle #KXIPvCSK #Balat\xe2\x80\xa6'
2018-04-15 15:51:28,"b""RT @aishwaryverma9: BJP has highest number of MPs, MLAs with cases of crime against women...\nPM said 'Beti bachao'..\nReally... 'Beti bachao\xe2\x80\xa6"""
2018-04-15 15:51:27,b'RT @bhatia_niraj23: Make them realize everyday for speaking such vulnerable things  while nation is mourning .. \n#BalatkariJantaParty #Just\xe2\x80\xa6'
2018-04-15 15:51:13,"b""RT @Subytweets: Can somebody warn that Lady that she's in #BalatkariJantaParty https://t.co/tJflXsdDB6"""
2018-04-15 15:51:10,b'RT @bhatia_niraj23: Make them realize everyday for speaking such vulnerable things  while nation is mourning .. \n#BalatkariJantaParty #Just\xe2\x80\xa6'
2018-04-15 15:50:58,"b'RT @i_theindian: @CNNnews18 @RahulGandhi @PrakashJavdekar Instead of fooling us, tell the nation what your #BalatkariJantaParty has done on\xe2\x80\xa6'"
2018-04-15 15:50:56,b'RT @aartic02: Do you know ??\nBJP Leaders Top the list of Cases against Women \n#BalatkariJantaParty https://t.co/Vl6IUk2FJp'
2018-04-15 15:50:56,b'RT @Mayavi101: When Nirbhaya happened India stood united against the rapists.\nWhen #Unnao  &amp; #Kathua happened #balatkarijantaparty defends\xe2\x80\xa6'
2018-04-15 15:50:47,"b'RT @DaaruBaazMehta: Posters outside Houses and Banners outside Colonies\n\n\xe2\x80\x9cWe have little daughters, BJP leaders Are Forbidden Entry\xe2\x80\x9d\n\nJanta\xe2\x80\xa6'"
2018-04-15 15:50:45,b'RT @Tinni_Aphrodite: She has a solid point! #BalatkariJantaParty https://t.co/tTWF8A1dm1'
2018-04-15 15:50:44,"b""RT @aishwaryverma9: BJP has highest number of MPs, MLAs with cases of crime against women...\nPM said 'Beti bachao'..\nReally... 'Beti bachao\xe2\x80\xa6"""
2018-04-15 15:50:42,"b'RT @VickyKedia: Dear India,\n\nSave Your Daughter from BJP,\nSave Your Sister from BJP.\n\nBJP Leaders are hunting our sisters. and then they pu\xe2\x80\xa6'"
2018-04-15 15:50:40,b'RT @Mayavi101: #SpeakUpIndia against the #balatkarijantaparty https://t.co/K5zzGeDIUH'
2018-04-15 15:50:30,"b'RT @AapHanumangarh: \xe2\x97\x8f Arvind Kejriwal said as  CM, he is worried about the safety of women in Delhi. As an Indian, he is worried about the\xe2\x80\xa6'"
2018-04-15 15:50:28,b'RT @AAPVed: Any answer to this question???\n#BalatkariJantaParty https://t.co/5ZSXELm1bB'
2018-04-15 15:50:27,"b""RT @aishwaryverma9: BJP has highest number of MPs, MLAs with cases of crime against women...\nPM said 'Beti bachao'..\nReally... 'Beti bachao\xe2\x80\xa6"""
2018-04-15 15:50:25,"b'RT @INadeemSharief: #NotInMyName\n2 BJP MLA in J&amp;K spew venom to save rapists of #Asifa\n1. Lal Singh said ""So what if #Asifa was killed,many\xe2\x80\xa6'"
2018-04-15 15:50:17,b'RT @AAPVed: Pakistan - Child Rapist Sentence To Death \nIndia - \xe2\x80\x9cHindu Ekta Munch\xe2\x80\x9d takes out rally holding India flag to PROTECT the child r\xe2\x80\xa6'
2018-04-15 15:50:13,"b""RT @aishwaryverma9: BJP has highest number of MPs, MLAs with cases of crime against women...\nPM said 'Beti bachao'..\nReally... 'Beti bachao\xe2\x80\xa6"""
2018-04-15 15:50:11,"b""RT @AamAadmiParty: Watch AAP Convenor &amp; Delhi CM @ArvindKejriwal's address at Samta Sthal, Rajghat.\n\nAK reached there in solidarity with DC\xe2\x80\xa6"""
2018-04-15 15:49:54,b'RT @7Being8Khan6: #GoBackModi protect ur girl from #BalatkariJantaParty https://t.co/Cx6c562aya'
2018-04-15 15:49:52,b'RT @DrSaniaMaan: Thread:\n\nThis is the stand of union minister of #BalatkariJantaParty on Nirbhaya case... And you expect them to be tough o\xe2\x80\xa6'
2018-04-15 15:49:50,"b'RT @aartic02: ""Women not capable of being left Free or Independent"" ;;;\nWomen of India, Especially BJP Voters &amp; Supporters .. \nDo you agree\xe2\x80\xa6'"
2018-04-15 15:49:44,b'@Narayanan3 @DeccanChronicle @nsitharaman @PonnaarrBJP @rammadhavbjp @mahesh10816 @rajnathsingh @dhanyarajendran\xe2\x80\xa6 https://t.co/lmm0Zp1nUL'
2018-04-15 15:49:43,"b'RT @INadeemSharief: #NotInMyName\n2 BJP MLA in J&amp;K spew venom to save rapists of #Asifa\n1. Lal Singh said ""So what if #Asifa was killed,many\xe2\x80\xa6'"
2018-04-15 15:49:28,"b""RT @YUVAMARWADI: BJP has highest number of MPs, MLAs with cases of crime against women...\nPM said 'Beti bachao'..\nReally... 'Beti bachao' f\xe2\x80\xa6"""
2018-04-15 15:49:27,b'RT @AAPVed: Any answer to this question???\n#BalatkariJantaParty https://t.co/5ZSXELm1bB'
2018-04-15 15:49:24,"b""RT @AtishiMarlena: Delhi's Aam Aurat and Aadmi on the streets to register their protest against the #BalatkariJantaParty \n\nThousands of pro\xe2\x80\xa6"""
2018-04-15 15:49:23,"b'RT @i_theindian: @CNNnews18 @RahulGandhi @PrakashJavdekar Instead of fooling us, tell the nation what your #BalatkariJantaParty has done on\xe2\x80\xa6'"
2018-04-15 15:49:16,"b'RT @i_theindian: @CNNnews18 @RahulGandhi @PrakashJavdekar Instead of fooling us, tell the nation what your #BalatkariJantaParty has done on\xe2\x80\xa6'"
2018-04-15 15:49:13,b'RT @bhatia_niraj23: Make them realize everyday for speaking such vulnerable things  while nation is mourning .. \n#BalatkariJantaParty #Just\xe2\x80\xa6'
2018-04-15 15:49:10,"b""RT @i_me_my5elf: Narendra Modi politicised Rape to Grab power but failed to provide protection to our daughters. Now it's time to ask him a\xe2\x80\xa6"""
2018-04-15 15:48:58,"b""RT @AamAadmiParty: Watch AAP Convenor &amp; Delhi CM @ArvindKejriwal's address at Samta Sthal, Rajghat.\n\nAK reached there in solidarity with DC\xe2\x80\xa6"""
2018-04-15 15:48:58,b'RT @7Being8Khan6: #GoBackModi protect ur girl from #BalatkariJantaParty https://t.co/Cx6c562aya'
2018-04-15 15:48:45,"b'RT @AAPVed: The full gang of Rapists, police conspirators and two BJP ministers in support... photographs with name and role.\n#BalatkariJan\xe2\x80\xa6'"
2018-04-15 15:48:44,b'#BalatkariJantaParty\nKeep blaming each other you fools. You are the only reason to bring shame to our country.\nWe h\xe2\x80\xa6 https://t.co/wtmCUNqAJI'
2018-04-15 15:48:44,"b""Will Sunanda's Blue Whale go to jail?\n#KXIPvCSK\n#NotInMyName\n#RCBvRR\n#SpeakUpIndia\n#BalatkariJantaParty\n#RRvsRCB\xe2\x80\xa6 https://t.co/zVrULcBDoV"""
2018-04-15 15:48:41,b'RT @DaaruBaazMehta: MUST WATCH N SHARE\n\nDelhi CM @ArvindKejriwal Speaks to Media about the recent Rape cases and how the BJP Govt and its L\xe2\x80\xa6'
2018-04-15 15:48:38,b'RT @AAPVed: Share this so that every girl in this country can see and understand what BJP supporters actually are. \n#BetiBachao from \n#Bala\xe2\x80\xa6'
2018-04-15 15:48:37,b'RT @Mayavi101: When Nirbhaya happened India stood united against the rapists.\nWhen #Unnao  &amp; #Kathua happened #balatkarijantaparty defends\xe2\x80\xa6'
2018-04-15 15:48:30,"b'RT @RKdsssss: Today\n#BalatkariJantaParty is trending\nOh!!! \n If their ministers had been followers of great guru Saint Rampal G,  this mise\xe2\x80\xa6'"
2018-04-15 15:48:29,b'Voting BJP has finally gotten minds of people on track.\n\nReason why we should avoid voting for bjp\xe2\x80\xa6 https://t.co/2SDgDmoAlp'
2018-04-15 15:48:22,"b""RT @AamAadmiParty: Watch AAP Convenor &amp; Delhi CM @ArvindKejriwal's address at Samta Sthal, Rajghat.\n\nAK reached there in solidarity with DC\xe2\x80\xa6"""
2018-04-15 15:48:19,b'RT @Davinderghaloti: BJP involved in rape cases...Our PM @narendramodi\nis sitting relaxed ! I am ashamed as an Indian that he is my PM.\n #B\xe2\x80\xa6'
2018-04-15 15:48:18,b'RT @AAPVed: Any answer to this question???\n#BalatkariJantaParty https://t.co/5ZSXELm1bB'
2018-04-15 15:48:11,"b'RT @INadeemSharief: #NotInMyName\n2 BJP MLA in J&amp;K spew venom to save rapists of #Asifa\n1. Lal Singh said ""So what if #Asifa was killed,many\xe2\x80\xa6'"
2018-04-15 15:48:10,b'RT @AAPVed: Any answer to this question???\n#BalatkariJantaParty https://t.co/5ZSXELm1bB'
2018-04-15 15:48:05,b'We need #Justice4RapeVictims and strictest punishment to all leaders of #BalatkariJantaParty also who have shameles\xe2\x80\xa6 https://t.co/oMcDk3YRDl'
2018-04-15 15:48:03,"b'RT @AAPVed: The full gang of Rapists, police conspirators and two BJP ministers in support... photographs with name and role.\n#BalatkariJan\xe2\x80\xa6'"
2018-04-15 15:48:02,b'RT @NitinTyagiAAP: We want Justice #BalatkariJantaParty'
2018-04-15 15:47:59,"b""RT @AamAadmiParty: Watch AAP Convenor &amp; Delhi CM @ArvindKejriwal's address at Samta Sthal, Rajghat.\n\nAK reached there in solidarity with DC\xe2\x80\xa6"""
2018-04-15 15:47:57,b'RT @faizan1inc: #BalatkariJantaParty #NotInMyName #JusticeForAsifa\n#SpeakUpIndia Punishment for rapists https://t.co/bQdO7DVqbo'
2018-04-15 15:47:54,"b""RT @i_theindian: India's pride weightlifter Poonam Yadav, who won India a gold medal in the ongoing #CWG2018 was attacked with bricks and s\xe2\x80\xa6"""
2018-04-15 15:47:49,"b'RT @i_theindian: UN has taken note of the #KathuaRapeCase. Terming the rape and murder as ""horrific"", the UN has expressed hope that Modi w\xe2\x80\xa6'"
2018-04-15 15:47:49,"b""RT @AtishiMarlena: Delhi's Aam Aurat and Aadmi on the streets to register their protest against the #BalatkariJantaParty \n\nThousands of pro\xe2\x80\xa6"""
2018-04-15 15:47:48,"b'RT @i_theindian: @CNNnews18 @RahulGandhi @PrakashJavdekar Instead of fooling us, tell the nation what your #BalatkariJantaParty has done on\xe2\x80\xa6'"
2018-04-15 15:47:44,"b""RT @Ankita_Shah8: CM @ArvindKejriwal Supports anshan of DCW Chief @SwatiJaiHind, she is on indefinite hunger strike..Her only demand is 'Ju\xe2\x80\xa6"""
2018-04-15 15:47:40,b'RT @sanjay_bittu: Unnao MLA is not Alone he has many brothers.\n\nGujrat BJP leader booked for Rape.\nThey have endless no of rapist. \n\n#Balat\xe2\x80\xa6'
2018-04-15 15:47:38,b'RT @FarasToQadian: Shame on You #Government_Of_India\n#Prime_Minister_of_India \n#India\n#justiceforasifa #shameful #Shameless #Asifa #Balatka\xe2\x80\xa6'
2018-04-15 15:47:37,b'RT @sanjay_bittu: Is there any Answer to her questions.\n\n#BalatkariJantaParty https://t.co/HdWfkxPyLf'
2018-04-15 15:47:37,"b'RT @INadeemSharief: #NotInMyName\n2 BJP MLA in J&amp;K spew venom to save rapists of #Asifa\n1. Lal Singh said ""So what if #Asifa was killed,many\xe2\x80\xa6'"
2018-04-15 15:47:35,b'#BalatkariJantaParty This is BJP Porkies ruling hindia https://t.co/e9Kef98sA0'
2018-04-15 15:47:34,b'RT @sanjay_bittu: BJP has highest number of MPs and MLAs with cases of crime against women.\n\n#BalatkariJantaParty https://t.co/4mSTJk5b5T'
2018-04-15 15:47:32,b'RT @amarakhbaranth1: Nation is running on shoulders of these jokers \xf0\x9f\x99\x84\n\n#speakupindia or nation wud become what japan was after nuclear atta\xe2\x80\xa6'
2018-04-15 15:47:29,b'RT @Mayavi101: When Nirbhaya happened India stood united against the rapists.\nWhen #Unnao  &amp; #Kathua happened #balatkarijantaparty defends\xe2\x80\xa6'
2018-04-15 15:47:23,"b'RT @DiL_Logical: When we see Narendra Modi now, I think Manmohan Singh was right when he said, \xe2\x80\x9cHistory will be kinder to me\xe2\x80\x9d\n#SpeakUpIndia\xe2\x80\xa6'"
2018-04-15 15:47:22,b'RT @Khiladi55_4Evr: **When BJP MLA/MP  involved in crime.**\n\nLutyens :- Keep aside your political inclination &amp; join the protest. No whatab\xe2\x80\xa6'
2018-04-15 15:47:19,"b""RT @AamAadmiParty: Watch AAP Convenor &amp; Delhi CM @ArvindKejriwal's address at Samta Sthal, Rajghat.\n\nAK reached there in solidarity with DC\xe2\x80\xa6"""
2018-04-15 15:47:10,"b""RT @AtishiMarlena: Delhi's Aam Aurat and Aadmi on the streets to register their protest against the #BalatkariJantaParty \n\nThousands of pro\xe2\x80\xa6"""
2018-04-15 15:47:07,"b'RT @aartic02: ""Women not capable of being left Free or Independent"" ;;;\nWomen of India, Especially BJP Voters &amp; Supporters .. \nDo you agree\xe2\x80\xa6'"
2018-04-15 15:47:02,"b""RT @AtishiMarlena: Delhi's Aam Aurat and Aadmi on the streets to register their protest against the #BalatkariJantaParty \n\nThousands of pro\xe2\x80\xa6"""
2018-04-15 15:46:58,b'RT @bhatia_niraj23: Make them realize everyday for speaking such vulnerable things  while nation is mourning .. \n#BalatkariJantaParty #Just\xe2\x80\xa6'
2018-04-15 15:46:56,"b""RT @aishwaryverma9: BJP has highest number of MPs, MLAs with cases of crime against women...\nPM said 'Beti bachao'..\nReally... 'Beti bachao\xe2\x80\xa6"""
2018-04-15 15:46:50,b'RT @AAPVed: Share this so that every girl in this country can see and understand what BJP supporters actually are. \n#BetiBachao from \n#Bala\xe2\x80\xa6'
2018-04-15 15:46:48,b'RT @keshav_temani: Ye h bjp (#BalatkariJantaParty) ki halat https://t.co/XFR4ecSRRP'
2018-04-15 15:46:42,"b""RT @AkshayMarathe: .@AtishiMarlena reaches Patel Chowk at @AamAadmiParty's protest against the Prime Minister. \n\n#BalatkariJantaParty \n\nThe\xe2\x80\xa6"""
2018-04-15 15:46:40,b'RT @7Being8Khan6: #GoBackModi protect ur girl from #BalatkariJantaParty https://t.co/Cx6c562aya'
2018-04-15 15:46:38,b'RT @DaaruBaazMehta: MUST WATCH N SHARE\n\nDelhi CM @ArvindKejriwal Speaks to Media about the recent Rape cases and how the BJP Govt and its L\xe2\x80\xa6'
2018-04-15 15:46:38,"b'RT @deeppant2: According to ADR, @BJP4India has highest no. of MPs, MLAs with cases of crime against women. https://t.co/egBEP6KpLy\n#Balatk\xe2\x80\xa6'"
2018-04-15 15:46:38,b'RT @AAPVed: Any answer to this question???\n#BalatkariJantaParty https://t.co/5ZSXELm1bB'
2018-04-15 15:46:37,"b'@CNNnews18 @RahulGandhi @PrakashJavdekar Instead of fooling us, tell the nation what your #BalatkariJantaParty has\xe2\x80\xa6 https://t.co/X5U4zS442Z'"
2018-04-15 15:46:35,"b'RT @_AnkitaRana: Proud BJP Members, they all are Member of Parliament too. Such a shame for us.\n\nThey are disgrace a real disgrace for nati\xe2\x80\xa6'"
2018-04-15 15:46:34,b'RT @Ankita_Shah8: BJP MLAs/MPs are involved in rape cases...Our PM @narendramodi\nis sitting relaxed like always...I am ashamed as an Indian\xe2\x80\xa6'
2018-04-15 15:46:33,b'Retweeted Ved Prakash (@AAPVed):\n\nPakistan - Child Rapist Sentence To Death \nIndia - \xe2\x80\x9cHindu Ekta Munch\xe2\x80\x9d takes out r\xe2\x80\xa6 https://t.co/oArP6rNlob'
2018-04-15 15:46:31,"b'RT @ChoradiyaMehul: Proud BJP Members, they all are Member of Parliament too. Such a shame for us.\n\nThey are disgrace a real disgrace for n\xe2\x80\xa6'"
